{
  "lineage": [
    {
      "lin": "lineage4.3.3",
      "tb_pred": 0.8308605341246291,
      "gmm_pred": 0.7978161443004729,
      "gmm_UB": 0.819035172974904,
      "gmm_LB": 0.7765971156260417,
      "DR_pred": []
    },
    {
      "lin": "lineage2.2.1.1",
      "tb_pred": 0.1624413145539906,
      "gmm_pred": 0.2204117825220167,
      "gmm_UB": 0.2608751547000441,
      "gmm_LB": 0.17994841034398937,
      "DR_pred": []
    }
  ],
  "Unknown50-50DR": []
}